{
	"cookie": {
		"originalMaxAge": null,
		"expires": null,
		"httpOnly": true,
		"path": "/"
	},
	"user": {
		"id": "763377551963717653",
		"username": "sudoker0",
		"avatar": "ff4c97b0f42c62e6f44f0c182ac37363",
		"discriminator": "0",
		"public_flags": 256,
		"premium_type": 0,
		"flags": 256,
		"banner": null,
		"accent_color": 1553085,
		"global_name": "sudo",
		"avatar_decoration_data": null,
		"banner_color": "#17b2bd",
		"mfa_enabled": true,
		"locale": "en-US"
	},
	"__lastAccess": 1706955821346
}